{
  "Superclass": 0.5714285714285714,
  "CHiLSNoRW": 0.42857142857142855,
  "CHiLS": 0.6428571428571429
}